Fund,Annual Return,Annual Volatility,Max Drawdown,Sharpe Ratio
CSI300,0.1342614361882799,0.15127022178077507,-0.10491515567427609,0.7553465238774535
Semiconductor,0.07442451161293584,0.25632491979327754,-0.14396365189388446,0.21232626018893694
Bond,0.010975456532416938,0.008767949268062555,-0.010211282832250269,-1.0292650187262324
